{
  "info": {
    "brand": "宁德",
    "cell_type": "磷酸铁锂",
    "capacity": 3,
    "standard_impedance": 0.2,
    "sample_name": "3213",
    "description": "412421"
  },
  "median_data": {
    "1": {
      "1007.083": {
        "real": 0.455033955,
        "imag": -0.9874548350000001,
        "z_value": 1.0872562206277498,
        "count": 2
      },
      "625.612": {
        "real": 0.384611335,
        "imag": -0.65644096,
        "z_value": 0.7608167284264542,
        "count": 2
      },
      "389.1": {
        "real": 0.32238970499999997,
        "imag": -0.47057914,
        "z_value": 0.5704247682756975,
        "count": 2
      },
      "242.234": {
        "real": 0.270653545,
        "imag": -0.32843986000000003,
        "z_value": 0.4255892079037354,
        "count": 2
      },
      "150.681": {
        "real": 0.22762312999999998,
        "imag": -0.22284282,
        "z_value": 0.3185481313701547,
        "count": 2
      },
      "93.46": {
        "real": 0.20168086000000002,
        "imag": -0.135039665,
        "z_value": 0.24271714235433184,
        "count": 2
      },
      "57.221": {
        "real": 0.1964167,
        "imag": -0.07261934,
        "z_value": 0.20941138390957997,
        "count": 2
      },
      "36.24": {
        "real": 0.203718285,
        "imag": -0.034040860000000006,
        "z_value": 0.20654624455320375,
        "count": 2
      },
      "22.888": {
        "real": 0.21146025499999999,
        "imag": -0.00902906,
        "z_value": 0.21165315191130385,
        "count": 2
      },
      "13.351": {
        "real": 0.22692603,
        "imag": 0.0037654,
        "z_value": 0.22697671298102085,
        "count": 2
      },
      "11.444": {
        "real": 0.228472605,
        "imag": 0.006746529999999999,
        "z_value": 0.22857687222874834,
        "count": 2
      },
      "9.537": {
        "real": 0.23023008499999997,
        "imag": 0.006720165,
        "z_value": 0.230329487314551,
        "count": 2
      },
      "7.629": {
        "real": 0.23515102,
        "imag": 0.010057185,
        "z_value": 0.23536624770453163,
        "count": 2
      },
      "5.722": {
        "real": 0.239368975,
        "imag": 0.00903345,
        "z_value": 0.23954447527158304,
        "count": 2
      },
      "3.815": {
        "real": 0.24147795,
        "imag": 0.012987785,
        "z_value": 0.24182721041129823,
        "count": 2
      },
      "1.907": {
        "real": 0.25385061,
        "imag": 0.011577404999999999,
        "z_value": 0.2541642618510162,
        "count": 2
      },
      "0.954": {
        "real": 0.254202105,
        "imag": 0.010446025000000001,
        "z_value": 0.2544254611121213,
        "count": 2
      },
      "0.477": {
        "real": 0.263833105,
        "imag": 0.01525933,
        "z_value": 0.26427691951402926,
        "count": 2
      },
      "0.238": {
        "real": 0.29005473000000004,
        "imag": 0.03521992,
        "z_value": 0.2921852386065031,
        "count": 2
      },
      "0.119": {
        "real": 0.30553438,
        "imag": 0.048912849999999994,
        "z_value": 0.30942810339291693,
        "count": 2
      }
    }
  },
  "analysis_result": {
    "median_data": {
      "1": {
        "1007.083": {
          "real": 0.455033955,
          "imag": -0.9874548350000001,
          "z_value": 1.0872562206277498,
          "count": 2
        },
        "625.612": {
          "real": 0.384611335,
          "imag": -0.65644096,
          "z_value": 0.7608167284264542,
          "count": 2
        },
        "389.1": {
          "real": 0.32238970499999997,
          "imag": -0.47057914,
          "z_value": 0.5704247682756975,
          "count": 2
        },
        "242.234": {
          "real": 0.270653545,
          "imag": -0.32843986000000003,
          "z_value": 0.4255892079037354,
          "count": 2
        },
        "150.681": {
          "real": 0.22762312999999998,
          "imag": -0.22284282,
          "z_value": 0.3185481313701547,
          "count": 2
        },
        "93.46": {
          "real": 0.20168086000000002,
          "imag": -0.135039665,
          "z_value": 0.24271714235433184,
          "count": 2
        },
        "57.221": {
          "real": 0.1964167,
          "imag": -0.07261934,
          "z_value": 0.20941138390957997,
          "count": 2
        },
        "36.24": {
          "real": 0.203718285,
          "imag": -0.034040860000000006,
          "z_value": 0.20654624455320375,
          "count": 2
        },
        "22.888": {
          "real": 0.21146025499999999,
          "imag": -0.00902906,
          "z_value": 0.21165315191130385,
          "count": 2
        },
        "13.351": {
          "real": 0.22692603,
          "imag": 0.0037654,
          "z_value": 0.22697671298102085,
          "count": 2
        },
        "11.444": {
          "real": 0.228472605,
          "imag": 0.006746529999999999,
          "z_value": 0.22857687222874834,
          "count": 2
        },
        "9.537": {
          "real": 0.23023008499999997,
          "imag": 0.006720165,
          "z_value": 0.230329487314551,
          "count": 2
        },
        "7.629": {
          "real": 0.23515102,
          "imag": 0.010057185,
          "z_value": 0.23536624770453163,
          "count": 2
        },
        "5.722": {
          "real": 0.239368975,
          "imag": 0.00903345,
          "z_value": 0.23954447527158304,
          "count": 2
        },
        "3.815": {
          "real": 0.24147795,
          "imag": 0.012987785,
          "z_value": 0.24182721041129823,
          "count": 2
        },
        "1.907": {
          "real": 0.25385061,
          "imag": 0.011577404999999999,
          "z_value": 0.2541642618510162,
          "count": 2
        },
        "0.954": {
          "real": 0.254202105,
          "imag": 0.010446025000000001,
          "z_value": 0.2544254611121213,
          "count": 2
        },
        "0.477": {
          "real": 0.263833105,
          "imag": 0.01525933,
          "z_value": 0.26427691951402926,
          "count": 2
        },
        "0.238": {
          "real": 0.29005473000000004,
          "imag": 0.03521992,
          "z_value": 0.2921852386065031,
          "count": 2
        },
        "0.119": {
          "real": 0.30553438,
          "imag": 0.048912849999999994,
          "z_value": 0.30942810339291693,
          "count": 2
        }
      }
    },
    "deviation_analysis": {
      "deviations": {
        "1": {
          "1007.083": {
            "TEST-20250601-0071_1007.083": {
              "battery_code": "TEST-20250601-0071",
              "current_z": 1.0914315056972637,
              "median_z": 1.0872562206277498,
              "z_deviation_percent": 0.38402034316282185,
              "within_threshold": 